address, dateOfBirth, departmentId, email, firstName, lastName, phoneNumber
Ha Noi, 2000-01-01, 7, email@company21.com, Cuong 21, TV, 84400000021
Ha Noi, 2000-01-01, 8, email@company22.com, Cuong 22, TV, 84400000022
Ha Noi, 2000-01-01, 5, email@company23.com, Cuong 23, TV, 84400000023
Ha Noi, 2000-01-01, 4, email@company24.com, Cuong 24, TV, 84400000024
Ha Noi, 2000-01-01, 10, email@company25.com, Cuong 25, TV, 84400000025
Ha Noi, 2000-01-01, 2, email@company26.com, Cuong 26, TV, 84400000026
Ha Noi, 2000-01-01, 1, email@company27.com, Cuong 27, TV, 84400000027
Ha Noi, 2000-01-01, 9, email@company28.com, Cuong 28, TV, 84400000028
Ha Noi, 2000-01-01, 6, email@company29.com, Cuong 29, TV, 84400000029
Lao Cai, 2000-01-01, 3, email@company30.com, Cuong 30, TV, 84400000030

Ha Noi, 2000-01-01, 6, email@company30.com, Cuong 31, TV, 84400000031
Ha Noi, 2000-01-01, 6c, email@company32.com, Cuong 32,
Ha Noi, 2000-01-01, 6, email@company30.com, Cuong 33, TV, 84400000030